segment,capture,host,infected,max_risk,surprise,cells,surprise_z,by_risk,by_anomaly,flagged
10,synthetic_cic2018_part00,10,True,0.9993144273757935,1.1878972,200,-0.6744886706695102,True,False,True
11,synthetic_cic2018_part00,11,True,0.9989136457443237,1.6234916,200,0.6744886706695102,True,False,True
22,synthetic_cic2018_part01,22,True,0.99919193983078,1.6930513,200,0.6744887079254497,True,False,True
23,synthetic_cic2018_part01,23,True,0.9990342855453491,1.2495465,200,-0.6744887079254497,True,False,True
34,synthetic_cic2018_part02,34,True,0.9969149827957153,1.6869729,200,0.6744883697693514,True,False,True
35,synthetic_cic2018_part02,35,True,0.9994309544563293,1.3062265,200,-0.6744883697693514,True,False,True
46,synthetic_cic2018_part03,46,False,0.2533332109451294,0.7582882,200,-0.6744897914841242,False,False,False
47,synthetic_cic2018_part03,47,True,0.998609185218811,1.6982483,200,0.6744897914841242,True,False,True
58,synthetic_cic2018_part04,58,True,0.9993744492530823,1.2248755,200,-0.6744792313187004,True,False,True
59,synthetic_cic2018_part04,59,True,0.9993698000907898,1.3038005,200,0.6744792313187004,True,False,True
70,synthetic_cic2018_part05,70,True,0.9994532465934753,2.1036108,200,0.6744895898567935,True,False,True
71,synthetic_cic2018_part05,71,True,0.9992165565490723,1.3256879,200,-0.6744895898567935,True,False,True
82,synthetic_cic2018_part06,82,True,0.9993657469749451,1.769613,200,0.674484488742127,True,False,True
83,synthetic_cic2018_part06,83,True,0.9993368983268738,1.6245157,200,-0.674484488742127,True,False,True
94,synthetic_cic2018_part07,94,True,0.9994645714759827,1.544002,200,-0.6744889042348374,True,False,True
95,synthetic_cic2018_part07,95,True,0.9992510676383972,2.0344357,200,0.6744889042348374,True,False,True
