k,method,macro_f1,accuracy,transition_acc,n,n_transitions
1,NetWorldModel rollout (ours),0.5692851071552182,0.8676716917922948,0.3161290322580645,2985,155
1,Markov kill-chain prior,0.5014133215640819,0.8854271356783919,0.2709677419354839,2985,155
1,Persistence (inferred current stage),0.575362033600373,0.8773869346733668,0.22580645161290322,2985,155
1,Persistence (oracle current stage),0.8443956242503451,0.948073701842546,0.0,2985,155
1,Stage LR per horizon (stacked),0.7628166754200715,0.911892797319933,0.25806451612903225,2985,155
2,NetWorldModel rollout (ours),0.5501639224267796,0.8488215488215488,0.3356643356643357,2970,286
2,Markov kill-chain prior,0.4616175376995617,0.865993265993266,0.23426573426573427,2970,286
2,Persistence (inferred current stage),0.5222628456181199,0.8525252525252526,0.18181818181818182,2970,286
2,Persistence (oracle current stage),0.7021455295711644,0.9037037037037037,0.0,2970,286
2,Stage LR per horizon (stacked),0.6234942718475064,0.8387205387205388,0.34265734265734266,2970,286
3,NetWorldModel rollout (ours),0.5354137197344498,0.8311336717428088,0.35802469135802467,2955,405
3,Markov kill-chain prior,0.39898752292687295,0.8423011844331642,0.19506172839506172,2955,405
3,Persistence (inferred current stage),0.4676613049378357,0.8277495769881557,0.15555555555555556,2955,405
3,Persistence (oracle current stage),0.5754787110781354,0.8629441624365483,0.0,2955,405
3,Stage LR per horizon (stacked),0.5654239252341001,0.798984771573604,0.4024691358024691,2955,405
5,NetWorldModel rollout (ours),0.5160131901078141,0.803076923076923,0.4038800705467372,2925,567
5,Markov kill-chain prior,0.32893746210054225,0.8194871794871795,0.2222222222222222,2925,567
5,Persistence (inferred current stage),0.36753995840042186,0.7815384615384615,0.1146384479717813,2925,567
5,Persistence (oracle current stage),0.40273393393020995,0.8061538461538461,0.0,2925,567
5,Stage LR per horizon (stacked),0.5232776253745389,0.757948717948718,0.4620811287477954,2925,567
7,NetWorldModel rollout (ours),0.47643233927247364,0.7678756476683938,0.40828402366863903,2895,676
7,Markov kill-chain prior,0.23873774997370503,0.8055267702936096,0.3180473372781065,2895,676
7,Persistence (inferred current stage),0.2734729366739393,0.7392055267702936,0.07840236686390532,2895,676
7,Persistence (oracle current stage),0.29828438658565937,0.7664939550949914,0.0,2895,676
7,Stage LR per horizon (stacked),0.4709907116092164,0.7357512953367875,0.46597633136094674,2895,676
10,NetWorldModel rollout (ours),0.42309636418632657,0.7319298245614035,0.4344059405940594,2850,808
10,Markov kill-chain prior,0.1482039467498487,0.7635087719298246,0.2896039603960396,2850,808
10,Persistence (inferred current stage),0.19438480206876899,0.6947368421052632,0.04950495049504951,2850,808
10,Persistence (oracle current stage),0.20644525281670598,0.7164912280701754,0.0,2850,808
10,Stage LR per horizon (stacked),0.4066430292764664,0.6789473684210526,0.4405940594059406,2850,808
